x,y
0.98553,-0.603037
-0.444462,0.789299
-0.520697,-0.102269
0.811607,0.492749
0.182657,0.487204
0.512665,0.380914
-0.403592,0.569827
0.127119,-0.601189
-0.140381,-0.301512
-0.523817,-0.541504
-0.840339,-0.382555
-0.56263,0.782183
0.261861,0.702143
0.390336,-0.022536
0.226426,-0.581572
-0.440083,-0.664374
-0.762044,0.366401
0.468651,0.350898
0.453856,-0.701182
0.434954,-0.682876
-0.660095,0.044169
-0.543226,-0.442246
-0.722882,-0.660434
0.199188,-0.723269
-0.441277,0.691701
-0.521999,-0.240143
-0.640837,-0.283316
0.418842,-0.600576
-0.220711,-0.801155
-0.42023,0.070929
-0.581533,0.094915
0.488268,-0.34134
-0.603823,-0.180446
0.337489,0.406482
0.433561,-0.12278
-0.720184,-0.380926
-0.702868,-0.222598
-0.140881,-0.260656
0.535133,0.332761
0.873238,-0.340002
0.604775,-0.640815
0.492469,0.603332
-0.301942,0.32884
-0.363076,-0.800743
0.315491,0.239285
-0.021668,0.466582
-0.624568,-0.802803
-0.420366,-0.662628
-0.502218,-0.320886
-0.220996,0.294843
0.361433,-0.224716
0.217182,0.457657
0.35832,0.417302
-0.702479,-0.662154
-0.780158,0.59043
-0.661258,-0.403552
-0.582107,-0.640387
0.3888,0.416527
-0.563733,-0.222694
0.828192,0.656705
-0.644413,-0.102761
-0.323136,0.705589
-0.582736,0.409181
0.330199,0.884263
-0.220755,0.570263
0.935248,0.186162
-0.482811,0.353482
0.254803,-0.481926
-0.563516,-0.203103
-0.622717,0.94841
-0.662583,0.371146
-0.841925,-0.30236
0.600882,-0.443996
0.311114,-0.504153
-0.264185,0.40663
0.627008,0.367976
-0.723713,-0.662938
-0.122255,0.53557
-0.142619,0.78142
0.87444,-0.382216
-0.560128,-0.364619
0.373918,0.413319
0.310703,-0.701057
0.520711,0.481631
-0.50251,-0.480659
0.819497,-0.243721
-0.381733,-0.982756
0.657684,-0.941202
-0.602038,-0.900393
0.30532,0.474473
0.316643,0.831463
-0.041555,0.157235
-0.164515,0.45276
0.261909,0.413377
0.80364,-0.86009
-0.460317,0.658677
-0.42398,-0.402239
-0.423382,0.776988
0.628392,0.50426
0.178393,-0.280284
-0.541747,-0.741029
-0.441929,-0.862959
-0.502476,-0.304643
-0.183177,-0.323404
-0.220971,-0.664154
0.571167,-0.602352
-0.444497,-0.600016
0.766773,0.410929
-0.643249,-0.483194
-0.283739,-0.340348
0.469858,-0.460928
0.427525,0.016958
-0.663931,-0.622018
0.411583,0.462564
0.870669,0.431715
0.219677,0.410755
0.806811,0.292307
0.526071,0.727074
0.381354,0.397626
0.258814,0.801706
-0.603032,-0.382052
0.799072,-0.68216
0.32489,0.810106
0.890086,-0.743409
0.043495,0.410622
0.211778,0.27394
0.424976,-0.163745
0.251851,-0.742394
0.352516,-0.303237
-0.524082,-0.944539
-0.04455,-0.563617
-0.861037,0.710584
0.485515,-0.203746
-0.261219,0.513834
-0.222029,-0.56374
0.25693,-0.643648
-0.402813,-0.100643
0.773027,0.763186
-0.742054,0.314531
0.109883,0.332839
-0.644518,0.362325
-0.643076,0.373064
-0.480125,-0.320651
0.279291,0.39592
0.213858,-0.863198
-0.580962,0.915199
0.250817,0.351798
0.286901,0.111735
-0.383573,-0.300063
0.680013,0.527389
0.293694,-0.844235
-0.885082,0.433894
-0.464872,0.483058
0.99529,0.499736
-0.102285,0.595254
0.330055,0.70885
-0.780368,0.486088
-0.322555,-0.821121
0.533418,0.613621
-0.36369,-0.723492
-0.523472,-0.621635
-0.282979,0.161812
0.579388,-0.803747
-0.664157,0.253522
0.606862,-0.544391
-0.503314,0.950054
-0.481965,0.69237
0.62664,-0.421553
-0.823224,0.444227
-0.562808,0.085564
-0.86156,0.399983
0.581828,0.573591
-0.120594,0.176649
0.539378,-0.381799
0.434944,-0.242546
0.597308,0.786032
0.214896,0.449489
-0.321776,0.366698
-0.800987,-0.620714
0.682111,0.463717
0.821395,-0.240715
-0.643918,-0.221332
-0.160973,-0.264568
-0.461107,-0.460744
0.805184,0.569767
0.83851,0.985008
0.789215,-0.500375
-0.921466,-0.203631
0.401742,-0.042724
-0.861966,0.606055
-0.682586,-0.703777
0.689515,-0.202949
0.715974,0.213258
0.512015,0.584449
0.165324,-0.780975
-0.781509,0.703542
-0.623595,-0.10465
-0.760178,-0.460044
0.761131,0.077207
0.233884,0.565021
0.363273,-0.420795
-0.785009,-0.484206
0.453851,0.397652
0.303498,-0.623077
0.557934,0.389948
0.636992,0.577848
-0.743209,-0.744436
0.689916,0.510246
-0.743625,0.633906
0.532341,0.41614
-0.504896,-0.16454
0.767904,0.3895
-0.180646,0.685865
0.252509,-0.840436
0.522114,-0.363535
0.309451,-0.540294
0.360289,0.246686
0.5671,0.823
-0.282732,0.947083
0.494838,-0.2017
-0.300362,-0.661991
0.164415,0.608236
0.734003,0.597798
-0.202965,-0.464407
0.388758,0.521484
0.390883,0.056696
0.610635,0.329505
-0.181708,0.215186
-0.341396,0.377715
0.732916,-0.461432
-0.66279,0.8325
0.432575,-0.204346
0.34092,-0.340611
-0.503499,-0.423627
0.449279,-0.800125
-0.064155,-0.723775
-0.662488,0.925052
-0.36038,0.518936
0.711409,-0.300259
0.58654,-0.362275
-0.464788,-0.340867
0.502948,0.275272
-0.082736,0.400974
-0.384531,0.636493
0.606887,-0.604313
-0.401356,0.795537
-0.7028,-0.520871
0.645883,-0.343599
0.888593,-0.824222
0.60187,0.117392
-0.082751,0.827001
0.817755,0.412073
0.646139,-0.182637
-0.382953,-0.763967
-0.200003,-0.540343
-0.363486,0.204773
-0.402882,0.693796
-0.082045,-0.482624
0.839794,0.722121
-0.522122,-0.384732
-0.442965,-0.640302
-0.701288,-0.563251
-0.421032,0.661422
-0.301926,0.549423
-0.560627,0.894822
0.678352,-0.682085
-0.360613,0.216726
0.423768,0.360366
-0.342302,-0.74
-0.560626,0.457827
0.492811,0.522473
-0.501221,0.393638
0.684594,-0.341068
0.161665,0.048058
-0.404008,0.329707
-0.862856,0.40482
-0.2409,-0.520381
0.899406,-0.421556
-0.061111,0.498237
0.692041,-0.801181
-0.241806,-0.522041
-0.103118,-0.602435
-0.720289,-0.304819
-0.845038,-0.383943
0.16081,-0.124429
0.670329,-0.182825
-0.041195,-0.300236
0.683279,0.482254
-0.682442,-0.284467
0.620745,0.59859
0.768325,-0.50118
0.354537,-0.062872
-0.742146,0.538467
-0.802916,0.437356
0.775829,0.436619
0.534138,-0.563107
-0.92117,0.621305
0.736849,-0.502214
-0.564076,0.480998
-0.602476,0.91107
0.881404,0.378905
-0.86386,0.512222
-0.344466,0.085747
0.485861,0.240307
-0.4422,-0.262273
0.875283,-0.341373
0.12111,0.622987
0.837497,-0.481874
-0.122966,-0.222219
-0.321425,-0.560019
0.206568,-0.482931
0.20504,0.660057
-0.502481,-0.620242
-0.540105,-0.664908
0.49875,-0.60487
-0.124759,0.194701
0.672547,-0.880319
0.189438,-0.402747
0.549609,0.661867
0.48534,-0.704166
-0.423224,0.350858
0.246998,0.452473
0.361032,-0.521021
0.847064,0.832452
-0.441351,-0.583959
-0.404682,0.887881
0.241176,0.623344
-0.624619,-0.180523
0.307559,-0.581027
-0.364635,0.305286
0.614766,-0.580443
-0.840374,-0.421315
-0.661342,-0.463208
0.665435,-0.324942
0.695751,-0.280444
0.676876,0.366158
-0.503936,0.154315
-0.44083,-0.703251
0.764302,-0.662614
-0.362038,-0.760287
0.358086,0.426058
-0.382094,-0.323299
-0.404268,0.179573
-0.70154,-0.081555
-0.384347,0.448497
0.676606,-0.301275
0.63691,-0.16298
0.149461,-0.06291
-0.464155,0.267283
-0.780008,0.815894
0.527302,-0.802561
-0.023119,-0.782347
0.228221,0.818296
0.325659,0.153826
0.433611,-0.580451
0.213173,0.391089
-0.621554,0.79253
-0.580269,0.262868
0.632415,-0.683264
0.404162,0.558963
0.379558,-0.903067
-0.543768,0.349883
-0.820339,0.406624
0.4069,0.398578
-0.300194,0.384953
0.345493,0.822491
0.922948,-0.701265
-0.744958,-0.242475
0.788977,0.44669
-0.161174,-0.80141
0.498194,0.407502
-0.542191,-0.284188
0.803099,-0.841206
0.766629,0.626737
0.386535,0.65634
0.372281,-0.184544
-0.421964,-0.361287
-0.46044,-0.504294
-0.84247,0.37187
0.451429,0.325828
-0.661291,-0.184554
0.742093,-0.662933
-0.281928,-0.481463
0.536807,0.393412
-0.842622,-0.080749
0.729547,0.441128
0.33802,0.259082
0.339411,0.475033
0.356846,-0.163024
0.317351,-0.483294
0.575421,-0.521445
-0.200755,0.665543
-0.5601,0.139755
-0.660939,0.260941
-0.481012,-0.54323
0.210782,0.632931
0.105454,0.221768
0.391127,0.971161
-0.582867,-0.664685
-0.744645,0.329961
-0.404031,0.688934
0.572536,-0.240862
0.142674,-0.184636
0.341714,0.237829
0.814789,0.717852
0.437073,-0.322245
0.41469,-0.561403
0.322042,-0.262821
0.595105,0.507102
0.439926,-0.341894
0.590052,0.502013
-0.784364,0.153663
0.321062,-0.463022
0.565188,-0.50464
0.710903,-0.481902
-0.56361,-0.88489
0.635749,0.327433
0.63918,-0.641032
0.663277,0.447353
-0.704018,-0.862167
0.541673,-0.840487
0.061227,-0.723597
0.529957,0.663115
0.674115,0.679348
0.662896,-0.181109
0.708507,0.200344
-0.780594,0.280884
0.232816,0.533331
-0.440333,-0.803698
-0.284151,-0.4446
0.572848,0.076362
0.420425,-0.061078
-0.183397,-0.24476
-0.804807,-0.704737
-0.301,-0.642621
0.838878,0.579348
-0.400346,0.822191
-0.700933,-0.700042
-0.421354,-0.382506
0.642144,0.137371
0.31918,0.876974
0.560829,-0.561192
-0.182151,0.245917
-0.541011,0.418166
-0.460719,-0.582374
-0.284681,-0.603056
0.567505,-0.722675
0.352522,-0.520916
0.262143,0.651137
0.760924,0.592184
-0.121233,0.349815
-0.58181,-0.144811
-0.420779,0.394718
0.464711,0.252928
0.151691,0.576141
0.89643,-0.400933
0.305229,0.512174
0.552399,-0.743821
0.205818,-0.903131
0.544233,0.421598
0.826045,0.116086
-0.34464,-0.120068
-0.240846,0.945213
0.297035,0.544715
0.843916,-0.084737
-0.702989,0.869658
-0.66292,0.341014
-0.562598,-0.541536
-0.882515,-0.341124
-0.380533,0.464
-0.340857,-0.861947
-0.644063,0.273527
0.47911,0.650197
-0.642049,-0.782279
-0.281049,-0.502347
-0.142292,0.662588
-0.183291,-0.743
-0.404198,-0.063661
0.489457,0.429112
0.881474,-0.402177
0.569567,-0.781759
0.495105,-0.422521
-0.70381,0.764289
0.496013,-0.701015
0.46209,-0.542244
0.824845,0.498968
0.486782,0.090663
-0.721202,0.369038
-0.723248,0.470573
0.164423,0.499116
0.64682,-0.822354
-0.703791,0.376278
0.816317,-0.100534
0.644873,-0.722189
0.45984,0.632267
0.588856,0.456929
-0.280369,0.350119
0.140136,-0.32423
-0.360865,0.292051
-0.701956,-0.461346
-0.163855,0.335967
-0.60156,-0.441592
-0.32155,0.700485
0.738334,0.688408
-0.18319,-0.204916
0.088447,-0.323266
-0.280796,0.86089
-0.340714,-0.681149
-0.502219,0.429888
0.828015,0.733447
-0.7802,0.371557
0.735412,-0.761426
0.808956,-0.163843
-0.180366,-0.48202
-0.240639,-0.441194
0.493079,-0.743143
-0.583846,-0.224463
-0.441997,0.188391
0.370911,0.853105
-0.58029,-0.260236
0.771,0.463368
-0.402932,0.476355
0.863444,-0.860499
-0.482297,0.518929
-0.184788,0.553239
-0.52098,-0.382895
-0.304637,0.433078
-0.804893,-0.264399
0.767077,-0.22065
0.114875,-0.682189
-0.581215,-0.100255
-0.441207,0.31174
0.785995,-0.480669
0.912509,-0.541707
0.700425,-0.541255
-0.463525,-0.180878
0.583518,-0.721698
0.634664,0.548767
0.601387,-0.54403
-0.683126,0.633513
-0.640861,0.416383
0.368486,-0.020999
-0.341356,0.738653
-0.543324,0.334879
-0.36163,0.582966
0.178327,0.851129
0.395447,0.835189
-0.680783,-0.220404
-0.844175,-0.424966
-0.40163,0.400975
-0.164186,0.90875
-0.100301,-0.68097
-0.860576,0.413975
-0.32172,-0.080476
0.487548,-0.741207
0.567266,-0.42114
-0.940644,-0.664917
0.427714,-0.582526
-0.704503,-0.36134
0.485433,0.102245
0.461044,0.596254
-0.962856,0.575778
-0.380588,0.294556
-0.220279,-0.202251
-0.480809,-0.261226
-0.461659,-0.243583
0.710569,0.339545
0.230469,0.712921
0.532651,-0.541142
0.190911,0.41795
-0.942764,-0.580009
0.390569,0.497181
0.169543,0.474432
0.286954,-0.164172
0.628645,-0.762205
0.487773,0.21618
-0.682351,-0.204704
0.538861,0.956119
-0.481632,-0.462704
-0.224311,0.5
0.792524,0.745457
-0.341965,-0.202608
-0.103237,0.297775
-0.361597,-0.523709
0.690636,0.633966
-0.843102,-0.582552
0.533888,0.531599
-0.1225,-0.681193
0.253894,-0.381669
0.123416,-0.762723
-0.561007,-0.564509
-0.361637,-0.541659
-0.662883,-0.640808
0.170423,0.244311
-0.201773,-0.740984
-0.103821,0.671287
0.751833,-0.602367
-0.421031,0.172548
-0.363456,0.552081
-0.520402,0.537937
0.825273,0.424908
-0.582507,-0.404906
0.303901,-0.381193
-0.361909,-0.600739
0.511628,0.520822
0.861157,-0.643948
-0.642045,0.682176
-0.384408,-0.401088
0.561193,0.534239
-0.782728,0.595245
0.270202,-0.864394
-0.760026,0.234719
-0.921084,0.387288
-0.121732,0.700507
-0.620137,-0.701001
-0.880656,-0.243608
0.537292,-0.602434
0.119892,-0.842195
-0.764007,0.370287
-0.540072,-0.28306
-0.621342,-0.760293
0.740673,-0.544315
-0.26195,-0.723759
0.256513,-0.741562
0.306095,-0.66007
-0.222158,0.153338
0.853974,-0.440012
0.34851,-0.580468
0.840001,-0.501753
0.593208,-0.701594
0.961556,-0.300349
0.388186,0.196358
-0.641558,0.561417
-0.801353,0.590651
-0.324216,0.288872
0.500432,0.126333
-0.360578,0.245787
-0.440216,0.762029
-0.702968,-0.080276
-0.403001,0.839968
-0.663289,0.197206
0.593016,-0.30059
-0.503144,0.522444
0.168934,-0.58459
-0.682623,0.108613
-0.140216,0.251301
0.772715,0.493723
0.624865,0.625477
-0.364907,-0.601667
0.629127,0.881299
-0.801025,0.525848
-0.520099,0.480417
0.413288,-0.162089
-0.543177,-0.701804
0.853765,0.433962
-0.282463,0.105398
0.459406,0.279858
0.124085,-0.702699
-0.664784,0.459819
0.456134,-0.34357
-0.761499,-0.220091
0.117549,-0.86184
0.400627,-0.422553
0.603092,0.883435
-0.142629,-0.062469
-0.10126,0.783918
0.444709,0.641629
-0.660153,0.77711
-0.50054,0.789405
0.099781,-0.720026
-0.160373,-0.682109
-0.74114,-0.240636
0.55632,-0.563394
-0.501984,0.559458
-0.000537,0.690563
0.661673,0.328268
0.377843,-0.342817
-0.220568,0.233313
0.043593,0.831711
-0.382046,0.54119
0.378053,-0.463401
-0.780495,-0.544368
0.538111,-0.744092
-0.443324,-0.463436
-0.601132,0.542041
0.853387,0.534158
-0.640552,0.62219
0.422571,-0.942959
-0.380799,0.58898
-0.862634,-0.600272
-0.083457,0.456432
0.699103,0.732805
0.415006,-0.542232
-0.32256,0.321578
-0.644507,0.430411
-0.701337,0.232154
-0.462098,-0.520388
-0.300305,0.406929
0.216611,0.405327
0.263525,0.329615
-0.820035,-0.260698
0.552383,0.269557
0.682591,-0.681857
-0.600864,0.7881
0.734742,-0.720216
-0.463395,-0.88204
0.802425,0.632186
-0.403064,-0.542779
0.886684,-0.52454
0.217751,-0.761125
0.72592,-0.28269
-0.181906,0.326151
-0.503703,-0.283501
0.196682,-0.682526
0.34008,-0.841194
-0.404606,0.937247
-0.583238,-0.824308
-0.341422,-0.76167
0.198538,-0.801585
0.779834,0.383228
0.377526,0.20606
0.305678,0.303757
0.128965,-0.640647
-0.401398,0.595629
-0.741506,0.617195
0.707731,0.270417
-0.361124,0.295545
0.81482,-0.500367
0.174067,-0.700406
0.764218,0.295842
0.616712,0.652273
-0.720589,0.631252
-0.363098,-0.564637
-0.560876,-0.120714
-0.300062,0.801454
-0.602049,-0.560431
0.463296,0.320546
-0.921519,-0.364831
0.644395,0.360954
-0.902435,-0.281332
0.481469,-0.183125
-0.28446,-0.002177
0.683704,0.353187
-0.382611,-0.622822
0.566132,-0.52138
0.730847,0.189206
0.540497,-0.220681
0.515644,-0.341331
-0.442563,0.733057
-0.74416,-0.54081
0.165791,0.344749
0.220151,-0.762503
-0.622793,-0.782182
0.814373,-0.443482
0.700004,0.399756
-0.141205,0.252335
0.179921,0.842315
0.86139,-0.360909
0.251823,-0.703974
-0.463881,-0.503865
-0.18288,-0.72101
0.418777,-0.381402
0.716,-0.500533
-0.463618,-0.620207
0.603989,-0.340392
-0.281134,0.66784
0.348557,-0.50377
0.683577,-0.503745
-0.340519,-0.601737
-0.883081,0.538356
0.395559,-0.662546
-0.740375,-0.681609
0.368198,0.633197
0.456372,0.666206
-0.763,0.744021
-0.622876,-0.781045
0.317555,0.285659
-0.582067,-0.504119
0.568397,0.903388
-0.282925,-0.524781
0.205922,-0.281703
-0.080903,-0.361142
-0.600784,-0.422196
-0.503733,0.348475
-0.424018,-0.862439
0.617396,-0.46404
-0.503175,0.488679
0.85425,-0.440883
0.666258,0.696926
-0.681281,-0.242829
0.455317,0.483784
-0.72105,0.744713
0.940138,-0.400687
0.188436,-0.740797
0.585639,0.241744
-0.861747,0.756002
0.547635,0.455081
-0.54091,-0.764053
-0.320113,0.385604
-0.420863,-0.801364
-0.844299,0.276832
0.447973,0.778178
-0.464939,0.104891
0.580862,0.12171
0.571018,0.013757
-0.84407,-0.542026
0.173817,-0.440829
0.285229,-0.283905
0.282563,0.621259
-0.540563,0.289592
-0.921931,0.729681
0.383462,0.523927
0.647637,0.129414
0.222093,-0.484645
0.462036,-0.503476
-0.322307,0.430234
-0.204059,0.589547
-0.821083,-0.263169
0.297334,0.218157
0.177143,-0.460012
0.797753,-0.24398
0.238159,-0.261378
-0.361158,0.838216
0.575,0.94019
0.681991,-0.243476
0.656816,-0.60395
-0.5401,0.489397
0.904895,0.399617
-0.603263,0.533302
0.275363,0.745111
0.539596,0.114213
-0.582054,-0.463447
-0.583901,0.768081
0.658606,0.537728
0.893478,0.126399
0.514167,0.405757
-0.122154,0.934691
-0.36361,-0.320003
-0.743654,-0.922875
0.645656,-0.663365
0.753205,0.607354
0.449426,0.30852
0.59514,0.411207
-0.501806,0.434062
-0.480681,-0.240772
0.266868,0.443788
-0.640206,-0.160853
0.338964,-0.56163
0.575913,-0.600103
0.624749,-0.661395
-0.181497,-0.240774
0.13074,-0.240848
0.896503,0.745515
-0.120909,0.445003
-0.660558,-0.201287
-0.463527,0.443963
0.41688,-0.62103
0.370355,-0.600922
0.762057,0.494011
-0.681644,-0.50052
-0.660069,0.272114
-0.880411,-0.602625
0.313954,0.473341
0.33863,-0.540492
-0.324158,-0.961677
-0.34033,-0.480122
-0.044293,0.457139
0.652325,-0.24384
0.3567,-0.861387
0.362835,-0.341365
-0.440479,0.211152
0.592906,0.101085
0.232629,-0.644637
-0.461029,0.562873
-0.204519,-0.821728
-0.464673,-0.180461
0.249121,-0.763742
-0.842203,-0.461006
-0.320685,0.611357
0.258668,-0.361334
0.50067,0.770609
-0.744469,-0.620707
0.509812,-0.300941
0.522159,0.593773
0.195537,-0.481232
-0.262758,0.909144
0.485513,0.695467
-0.162112,0.524114
0.352622,-0.522052
-0.584419,-0.183814
-0.64178,0.669893
-0.562817,-0.300077
0.42823,-0.302571
0.498049,0.297815
-0.700786,0.561691
-0.304364,-0.762906
0.352848,0.665868
-0.444915,0.391562
0.423442,-0.463254
-0.321226,0.200236
-0.541291,-0.820641
0.858334,0.32725
-0.240419,-0.360323
0.374519,-0.282785
0.415522,0.295459
0.603076,-0.543911
-0.480349,-0.282132
0.399425,-0.986452
-0.66121,0.778432
0.628041,-0.444553
0.504502,0.358489
-0.282299,-0.303244
-0.702299,0.425883
-0.22471,-0.540315
0.349898,-0.600663
-0.262785,0.332455
-0.88191,0.457351
-0.361804,-0.660198
0.767148,-0.322151
0.182229,-0.563784
0.563427,-0.541452
0.652153,-0.880194
0.149283,0.764424
0.54713,-0.100169
-0.142123,-0.601611
0.334572,-0.740375
-0.4819,-0.403406
0.599934,-0.804765
-0.084033,0.508565
0.127628,0.148205
0.278851,-0.481485
0.641357,-0.943369
0.630348,0.195792
-0.064283,0.578233
-0.821284,0.441399
-0.442318,-0.343317
0.33583,0.208069
0.439298,0.13885
0.777288,0.751895
0.616902,0.415637
-0.183631,-0.241549
0.716436,0.740946
0.611687,0.528348
-0.542481,-0.340582
-0.260029,0.760571
0.207294,0.449015
0.361232,0.795815
0.18279,-0.141114
-0.541228,-0.281987
0.853499,0.575086
-0.38077,-0.183307
0.573459,-0.221334
-0.381938,-0.582803
0.584725,0.164423
0.674327,-0.464854
0.527864,0.954795
0.327993,-0.182696
0.907526,-0.440622
-0.644217,0.925028
0.761144,0.501396
0.368202,0.513361
0.240331,0.594447
0.905871,-0.36254
0.778546,-0.201745
-0.641236,-0.700695
-0.68147,-0.461578
-0.363468,0.440494
-0.400622,-0.642095
0.525805,-0.380408
-0.881477,0.611011
0.688335,-0.204591
0.441986,-0.301614
0.507109,0.473294
-0.942862,-0.624675
-0.584446,0.321689
0.846599,0.164472
0.166501,0.336832
0.447928,-0.600092
0.670599,-0.364274
0.721694,0.363799
-0.121856,-0.564029
0.739654,0.786947
-0.701606,-0.781617
-0.322006,0.926555
-0.584427,-0.640303
0.52816,0.248676
-0.500547,-0.260218
-0.764022,-0.463163
0.68335,-0.781098
-0.600143,-0.362582
0.592757,0.443318
-0.424718,0.315328
0.411943,0.672934
-0.263673,0.524535
-0.680881,0.869556
-0.283654,0.889663
-0.602706,0.875335
0.549205,0.160062
-0.541458,-0.564965
-0.360743,0.350008
0.656392,-0.382073
-0.384779,0.544885
0.201026,-0.784125
-0.261189,-0.943409
-0.624909,-0.704033
-0.961349,0.528706
-0.343876,0.231523
0.500343,0.639446
-0.524879,-0.563136
0.907787,-0.481853
0.629086,0.23715
0.816943,-0.360166
0.690747,-0.54383
-0.082011,-0.624208
0.070478,0.812639
-0.762216,-0.583916
-0.200282,-0.624934
-0.303015,0.654625
0.264453,-0.641465
-0.700398,0.801125
0.392779,0.414528
-0.400865,-0.722975
-0.801046,0.741218
0.708445,0.339899
-0.221518,-0.222581
-0.344468,0.668035
0.395574,0.392334
0.759962,0.281241
-0.662373,0.281327
0.526119,-0.781759
-0.540155,-0.080169
-0.761382,0.383571
-0.30202,-0.321186
0.535837,-0.624269
-0.400566,0.760558
-0.300319,0.25302
0.599397,0.274472
0.920737,-0.400482
-0.321632,-0.50003
0.640896,-0.3823
-0.461759,0.599376
0.361807,0.571586
0.568457,-0.644979
0.002675,0.457156
-0.56335,0.25112
0.919679,-0.383805
-0.380698,0.212085
0.735281,-0.104568
-0.62087,-0.603755
-0.724245,0.374322
0.154535,0.625551
0.722632,-0.104859
0.292938,0.75079
-0.66121,0.899202
0.764948,-0.722639
-0.323653,0.505507
0.219779,-0.240308
0.349721,0.757643
-0.543118,-0.703391
-0.624413,-0.241179
-0.363684,0.685425
0.715579,0.770768
-0.263957,0.445222
0.417975,-0.060598
-0.603124,-0.444534
0.897233,0.246349
0.448448,0.704172
0.249168,-0.502758
0.79261,0.0403
-0.48106,0.360639
0.622621,0.226053
0.413238,-0.50031
0.710151,0.283734
0.489348,0.38526
0.477521,-0.300785
0.720264,0.647551
-0.381082,0.575025
-0.482098,-0.281705
0.848165,0.224078
0.341659,-0.720593
0.880752,-0.321436
-0.520211,-0.144915
-0.584481,-0.781786
-0.720119,0.873003
0.243907,-0.821612
0.782749,0.348324
-0.260569,-0.641773
-0.843135,0.744361
0.296979,-0.363831
-0.721773,0.579582
0.792126,-0.522001
-0.701317,-0.621236
-0.322298,0.440316
0.483251,0.242396
0.693753,-0.500165
0.431063,0.262872
-0.440444,0.667838
-0.262918,-0.660658
-0.401723,0.178099
0.372261,-0.360279
0.183482,-0.900341
-0.721824,-0.680794
0.824363,-0.362417
-0.481096,-0.500166
0.365981,0.538752
-0.801071,0.595672
0.497433,-0.742179
-0.281091,-0.620402
0.776036,0.601572
0.458487,-0.302301
-0.243236,0.112228
-0.102975,-0.362473
0.717828,-0.640375
-0.404168,-0.320878
-0.842365,-0.402279
0.397788,0.576864
-0.363701,0.61475
0.785316,-0.403581
0.511892,-0.660214
-0.542471,-0.244288
0.237894,-0.441411
0.735446,0.628179
0.421986,-0.082695
-0.3026,0.718423
-0.800333,0.386187
-0.420958,0.199781
-0.581006,-0.182968
0.554004,0.586998
0.618036,-0.182162
-0.541636,-0.563246
-0.402149,0.527122
-0.644236,-0.500164
-0.122155,-0.363117
-0.48047,-0.583067
-0.522407,0.149154
0.577485,-0.56164
-0.124281,0.723042
0.688649,-0.503999
0.293335,0.0895
-0.364931,0.716151
-0.181022,0.521894
-0.440462,0.392936
-0.821332,-0.543495
0.682698,-0.123749
0.546576,0.508835
-0.203724,0.815703
0.742581,0.33461
-0.480495,-0.102253
-0.724195,-0.762216
-0.521818,-0.264598
-0.500645,-0.084415
-0.260127,-0.402953
-0.840992,-0.463831
-0.261227,-0.443143
0.301949,-0.34358
-0.681761,0.699012
-0.382522,-0.603911
0.776578,0.654444
-0.844402,-0.323591
0.613198,-0.682857
0.59157,0.635863
-0.361752,-0.323386
-0.562643,-0.921087
0.334487,-0.164708
0.547819,-0.661789
0.940381,-0.60431
-0.441057,-0.440477
-0.584608,0.468685
-0.602674,0.286983
0.730319,-0.721917
-0.860087,0.56454
0.241877,0.35814
0.298148,0.662655
0.642478,-0.482241
0.213215,-0.780417
-0.223045,0.740983
-0.260363,-0.423794
-0.520684,-0.52486
0.529157,-0.582175
-0.721349,-0.943049
0.530529,0.5971
0.470123,0.563455
-0.54325,-0.661991
-0.760976,-0.424656
0.215424,0.528978
-0.663175,0.403846
0.631089,-0.441446
0.908369,0.606312
-0.282085,-0.44339
0.579401,0.213156
-0.221598,0.516002
0.469611,-0.764462
-0.662596,0.565992
0.587143,0.502709
0.393368,0.883753
-0.50068,0.865597
0.708966,0.520631
-0.384489,-0.283163
-0.224695,0.464037
0.650794,0.644647
-0.760661,-0.523463
-0.821456,0.508323
-0.744184,0.549704
-0.604774,0.399449
-0.702022,-0.921635
0.400921,-0.520581
-0.141406,-0.520288
0.37827,0.222799
-0.781141,-0.600796
0.323641,0.390397
-0.382887,0.521772
0.922517,0.556947
-0.72192,-0.820195
0.569186,0.198915
-0.561494,-0.820626
-0.320069,0.431858
-0.76281,-0.321061
0.310193,0.476269
0.555977,-0.740434
0.407926,0.194828
-0.303342,-0.464615
0.523372,-0.763733
0.655583,-0.52481
0.341172,-0.562545
0.508555,-0.521749
0.580074,0.219585
-0.40078,0.377079
-0.341138,0.221337
-0.903462,0.249076
0.881963,-0.5038
0.607391,-0.662253
-0.42172,-0.640935
0.515836,0.302877
-0.362672,0.532924
-0.462372,0.324789
0.220591,-0.76011
0.302368,-0.563121
0.570903,-0.40175
-0.102741,-0.321274
-0.640328,0.399088
-0.083574,0.608728
0.365804,0.180937
0.676812,-0.683489
-0.40091,-0.642601
-0.383473,-0.702525
-0.660473,-0.200153
0.693224,0.809542
-0.3615,-0.821535
0.635754,-0.480836
0.530045,0.26829
-0.34212,-0.361895
0.797981,-0.402905
-0.300305,-0.143459
-0.723172,-0.583079
-0.100073,-0.362423
0.171369,0.81973
-0.282956,0.694979
0.714044,-0.360762
0.310914,0.379455
-0.520724,0.175433
-0.602391,0.203868
-0.842004,0.624377
-0.622006,0.785139
0.638603,-0.42408
-0.482836,0.726999
-0.220207,0.654437
-0.581168,-0.363542
-0.441231,-0.402402
-0.343335,-0.340798
-0.280378,0.44773
-0.923295,-0.880352
0.842868,-0.581265
0.710221,0.245544
-0.264349,-0.844372
0.519278,-0.100919
0.615541,0.419959
0.442956,0.476297
-0.84014,-0.803246
-0.781527,-0.562761
0.575516,0.435591
0.492537,-0.602352
-0.303439,0.540575
-0.542235,0.700003
-0.843037,-0.480887
-0.905131,0.643206
0.562227,-0.401187
0.233696,-0.682033
-0.260357,-0.740633
0.801565,0.269903
0.571879,0.161876
0.500619,-0.384003
0.364801,-0.804751
-0.32326,0.489049
-0.644907,-0.444309
0.729313,-0.341932
0.787605,0.372047
-0.401975,0.058959
0.795943,-0.482275
0.584904,0.575636
-0.56212,-0.464331
-0.280672,0.409393
0.85785,0.542111
0.213175,0.489754
0.631115,-0.324227
0.677351,-0.842577
0.602739,0.323611
0.754526,0.728632
-0.885083,0.794257
0.603872,0.489358
-0.481302,0.496389
-0.82384,-0.962659
-0.58257,-0.222048
-0.283063,-0.284016
-0.303465,0.729071
-0.780449,0.598366
0.570595,0.710687
0.943395,-0.284348
-0.364047,-0.603236
-0.500115,-0.421354
0.530274,-0.721101
-0.542935,0.596471
-0.484442,0.408278
-0.303683,0.01587
0.725583,-0.440182
0.65229,-0.422578
-0.343973,-0.284517
0.219982,-0.582194
-0.224324,0.299869
-0.463995,-0.821637
-0.161251,0.785843
-0.161551,-0.763999
0.528089,0.623196
-0.143755,-0.802693
0.883736,-0.343603
-0.562363,0.782449
-0.580604,-0.82052
0.784783,-0.22377
-0.102564,-0.100002
0.489314,-0.402692
-0.640144,0.62567
-0.384521,-0.660596
0.465968,-0.104428
-0.563857,0.696518
-0.044614,0.657445
-0.444339,-0.322599
-0.34177,-0.264536
-0.284899,-0.70118
-0.561345,0.181819
-0.480266,0.781943
-0.501245,-0.243993
-0.602558,0.707173
0.79525,-0.640231
-0.563568,-0.46073
-0.804538,0.784607
-0.540905,-0.284923
0.309321,0.510437
-0.800912,-0.501759
0.287002,0.712875
0.724195,-0.143929
0.187178,-0.880564
0.295005,-0.76219
-0.684012,0.111
0.634831,-0.220113
-0.220715,0.508749
-0.24062,-0.563749
-0.645012,-0.340212
0.589788,-0.564208
0.267089,0.362469
0.166677,0.511136
0.446955,-0.683922
0.806796,-0.483135
-0.461051,0.57867
0.184484,0.571294
-0.644534,-0.14161
-0.542961,-0.644217
-0.660007,0.232283
-0.463315,0.32001
0.534049,0.398907
0.805024,0.476699
0.565176,0.437885
0.571378,-0.123607
-0.404862,-0.583059
0.611837,-0.840252
-0.682973,-0.200854
0.793758,-0.784733
-0.664145,-0.063103
-0.885016,-0.560844
-0.740395,-0.461017
-0.520458,0.559142
0.252846,0.837339
0.848234,0.479795
-0.784413,-0.501817
0.193868,-0.521351
0.275997,0.688351
0.175164,0.096415
0.670877,-0.902573
-0.303968,0.056359
-0.162844,-0.562719
0.302816,-0.063451
-0.281696,0.439047
0.399677,-0.422791
0.762316,0.515626
-0.94157,0.565792
0.201537,0.781596
-0.443668,0.239445
-0.382873,0.740807
-0.12467,0.186942
0.467548,-0.144277
-0.720288,0.401628
0.487764,0.353079
0.622948,-0.284652
-0.262146,0.558511
0.493945,-0.560035
-0.401599,0.730029
0.723685,0.559885
-0.283592,0.433905
0.301803,0.39208
-0.241003,-0.903414
0.769326,0.219032
0.690739,0.825534
-0.822647,0.45904
0.763491,-0.223627
-0.283746,0.45505
0.682777,0.416912
0.892314,0.367055
0.673665,0.524753
-0.244603,0.289466
0.456015,0.350493
-0.441284,-0.300498
0.668683,-0.643543
-0.580049,0.699946
0.316637,0.302796
-0.640077,-0.844989
-0.200529,0.393843
-0.34328,0.464646
0.284115,0.621241
-0.664143,-0.062079
-0.181835,-0.562356
-0.541487,0.233236
0.361157,-0.103041
-0.563271,0.286768
0.328695,0.315183
-0.581545,0.369081
-0.522104,0.412157
0.500998,-0.163325
0.293559,-0.161196
0.88283,0.307912
-0.882829,-0.421076
-0.482242,0.527757
0.417458,-0.321441
-0.260804,0.624671
0.70807,-0.640862
0.590547,0.239692
0.930427,0.481652
-0.584298,0.652177
-0.344766,0.776679
-0.080306,-0.780075
-0.342761,0.432973
0.577755,-0.640409
-0.421056,-0.841661
0.404062,-0.28322
-0.540374,-0.204918
0.635311,-0.764617
-0.700071,0.286166
0.395977,0.490227
-0.641064,-0.423492
0.091991,-0.460105
0.661319,-0.341912
0.072757,-0.784175
0.38215,-0.260505
0.582755,-0.901541
-0.341192,-0.642007
0.656409,-0.362308
-0.481784,0.35365
-0.503177,-0.524663
-0.662996,0.311003
-0.722408,0.598412
0.031655,0.558465
-0.721888,0.896531
0.414871,0.226863
-0.862435,-0.261787
0.572409,0.408051
-0.421478,0.610825
-0.621987,-0.723176
0.368861,-0.16332
-0.323961,0.123179
-0.323887,0.578155
-0.083912,0.628077
0.517336,-0.324606
0.767829,-0.941436
0.313334,0.512105
-0.580826,0.291213
0.369386,-0.402296
-0.602433,-0.303885
0.794732,-0.564069
0.721301,0.746367
-0.260823,0.258827
0.608133,0.91003
0.240333,0.641879
-0.504069,0.753708
-0.224191,0.221086
-0.640245,-0.641074
0.565383,0.474543
-0.483028,-0.681212
0.402902,0.927891
-0.303278,0.196676
-0.660677,0.665904
-0.201541,0.930443
-0.364468,-0.62495
0.537534,-0.380722
-0.200179,-0.764662
0.595643,0.320989
0.525636,0.894502
-0.461438,-0.463816
0.272547,-0.720862
0.208037,0.357016
-0.340347,-0.600431
-0.40356,0.159503
-0.481932,0.178965
-0.46139,0.292551
0.632719,0.679561
0.321732,0.639957
0.628629,-0.744202
0.372934,0.837755
-0.764855,-0.280369
0.417439,0.619122
-0.061827,0.458115
0.491744,-0.340347
-0.881433,0.416456
-0.402602,-0.062175
0.822974,0.593609
0.535701,0.736773
0.862489,0.65457
0.632818,-0.621417
-0.302486,0.736652
0.648752,-0.442288
0.656071,-0.421435
-0.543917,-0.763975
-0.160929,0.903391
-0.50109,-0.642313
-0.925178,-0.744074
0.33633,-0.663679
0.55368,0.762329
-0.843139,-0.260029
-0.521783,-0.202469
-0.483931,0.615842
-0.300461,0.437906
-0.100986,-0.723796
-0.642961,-0.824897
-0.181473,0.380602
-0.084824,0.335546
-0.403367,-0.460319
0.328807,0.825427
0.508513,0.532784
-0.360805,-0.381312
-0.402558,0.219335
0.557958,0.650364
0.471444,0.535175
0.581387,0.178105
-0.261553,-0.441832
0.471084,-0.58239
-0.103562,-0.862843
-0.122219,0.465768
-0.521011,-0.304732
-0.144649,0.583434
0.740986,0.524839
-0.321534,0.521175
-0.661865,0.262601
-0.464505,0.355543
-0.041176,0.811336
0.560915,0.313369
0.20821,0.09101
0.487673,-0.360604
-0.123772,-0.762948
-0.544347,-0.901402
0.309059,0.742324
0.67953,-0.561839
0.689003,-0.263359
0.57288,-0.341532
-0.800455,-0.364207
0.305149,0.778601
-0.524407,0.485189
-0.640711,-0.441988
-0.582345,-0.700355
0.722984,-0.023056
-0.662779,-0.660866
-0.581976,0.166073
-0.661687,0.327406
0.496984,-0.500901
0.559429,-0.321054
-0.243193,-0.901046
-0.2414,-0.3846
0.824841,0.660561
0.586345,-0.782187
0.68084,0.626153
-0.423693,0.162079
0.865148,0.39106
0.503747,-0.320743
-0.200925,-0.682988
0.772089,0.225673
-0.360256,0.825293
-0.684671,-0.721036
-0.4608,0.565762
0.695099,0.120035
0.170352,0.513193
0.483486,-0.100358
0.570102,-0.540624
-0.722813,-0.561175
0.636391,0.434333
0.467635,0.444939
0.580791,-0.300704
0.264385,0.781751
0.700235,-0.602741
-0.601858,-0.504657
-0.742835,0.534324
-0.681638,0.528341
-0.64341,0.467148
0.665645,0.209751
0.301621,0.209342
-0.74495,0.043203
0.55762,0.585381
-0.260932,-0.624617
-0.183994,-0.444898
0.234474,0.153481
0.203345,-0.722114
0.341476,0.823736
0.328525,0.289138
0.795789,-0.324534
0.112109,0.335619
0.403857,0.183133
0.208895,-0.382716
-0.641944,0.226337
0.710788,-0.120957
0.041984,0.232218
-0.40266,-0.104136
0.644656,0.59989
-0.564837,-0.463654
0.381591,-0.323517
-0.82247,-0.564342
-0.220619,-0.282676
-0.822207,0.792914
-0.403665,0.792187
0.535368,0.485981
0.525074,-0.544274
0.426265,0.493988
0.738264,0.41444
0.646659,-0.784305
0.278986,0.248205
0.341086,-0.364873
-0.841081,0.43441
-0.882103,0.958227
0.932871,0.636288
-0.641184,0.56586
-0.441842,-0.882144
0.322422,0.522351
0.299932,0.259611
-0.344492,-0.660198
0.331803,0.235683
0.86693,-0.020058
-0.50404,-0.200289
0.078031,0.639436
0.22337,0.728341
-0.721742,-0.481144
-0.640849,0.821693
-0.620233,0.826876
-0.781081,0.222545
-0.381801,0.47666
-0.44018,-0.544085
-0.521107,-0.364221
0.853086,-0.803648
-0.064094,0.398172
0.677842,0.513105
-0.283699,-0.504834
-0.424802,-0.481077
0.410799,0.626117
0.448544,0.505888
-0.380757,-0.484925
0.668008,0.451137
0.612548,0.454572
-0.68116,-0.260676
-0.724468,0.296973
0.841266,0.879826
-0.342707,-0.563824
0.598926,-0.6032
0.537699,0.493508
-0.543914,0.752015
-0.92046,-0.222424
0.723709,-0.480093
0.434506,-0.06036
-0.500804,-0.461506
-0.861125,0.682154
0.5502,0.659773
0.708997,-0.724459
-0.74118,0.095789
0.79143,0.659828
0.661779,0.57606
-0.884642,0.774804
0.130373,0.847973
0.650134,0.799247
-0.504589,0.60764
-0.524669,0.630927
-0.402229,0.710002
0.493624,-0.30297
-0.444051,0.790479
-0.520801,0.672123
-0.724203,0.272102
-0.864926,0.432832
0.60831,0.413995
0.288717,0.367829
-0.581505,0.919669
-0.241951,0.426983
-0.380217,-0.420296
-0.723025,0.885933
0.644346,0.881284
-0.702064,-0.143707
-0.682164,-0.204154
-0.442346,-0.264633
0.669465,-0.123949
-0.580012,0.630266
-0.343222,0.554528
0.490621,0.410169
-0.224475,0.632425
0.635406,-0.642114
-0.800248,-0.381862
0.127723,0.80981
0.758168,-0.681579
0.554253,-0.624265
-0.504925,-0.622999
-0.804608,-0.361827
-0.504067,0.216062
0.241226,0.277263
-0.221436,0.259924
0.317697,-0.862551
-0.662739,0.351827
-0.360405,0.643357
0.294248,0.736342
-0.883443,-0.623429
0.30723,0.532696
-0.862565,0.280076
0.711941,-0.682051
0.377657,-0.32477
-0.502657,-0.544754
0.504258,0.32367
-0.684919,0.486876
0.350355,-0.301975
-0.481423,0.718348
0.537406,-0.420055
0.503642,-0.36089
-0.20332,-0.240436
0.388128,-0.140452
-0.101042,0.362646
0.821837,0.448175
0.511183,-0.142061
-0.7005,-0.440984
0.296364,0.239402
-0.620023,0.345204
-0.082045,-0.422334
-0.741171,-0.283273
-0.423273,0.750215
-0.662625,0.300297
0.76404,0.863963
-0.141117,0.766961
0.602073,-0.642479
0.325069,-0.580968
0.506552,-0.863591
-0.343307,-0.541772
0.16023,-0.120633
-0.302097,-0.862234
-0.784238,0.852616
-0.744242,0.490306
-0.241745,0.237622
0.105782,0.066458
0.369733,0.241616
-0.162173,0.582566
0.419728,0.933519
0.265684,0.827708
0.106665,-0.801762
-0.440443,0.577668
0.192887,0.24135
-0.703851,-0.624345
0.156149,0.154169
0.790071,-0.063483
0.753355,-0.383041
-0.941638,-0.660474
-0.463745,-0.300753
0.731491,-0.541336
-0.722202,-0.344328
0.256521,-0.680542
0.56174,0.622699
-0.201163,0.503698
-0.540988,-0.543909
-0.44119,-0.202541
0.050928,0.828781
-0.343026,0.950174
0.628745,-0.942714
-0.442023,-0.901484
0.576787,0.603533
-0.281257,-0.443189
0.719298,-0.480519
-0.000767,-0.62478
0.906902,-0.263814
0.805246,-0.541081
-0.364794,0.456902
-0.443311,-0.420545
0.372721,0.878117
0.605824,0.479695
0.32152,0.241732
-0.680627,0.531846
-0.54495,-0.401189
0.68659,-0.461244
0.594695,-0.800745
0.514443,0.841435
-0.241643,-0.222277
-0.182836,-0.683858
-0.360444,0.393563
0.370591,-0.661333
-0.322109,0.741781
0.212479,0.281477
0.541196,0.634532
-0.401412,-0.160277
0.893737,-0.301642
0.599088,-0.741411
0.66137,-0.800425
-0.442097,0.204048
0.223232,0.139382
0.742493,0.657509
0.113026,0.282743
0.73887,-0.521799
-0.784342,-0.66286
-0.8829,0.705793
-0.423531,-0.524945
0.613867,0.258299
-0.60104,-0.281075
0.301941,0.196796
0.710297,0.359409
0.30452,0.464307
0.415313,0.458097
-0.700533,-0.524793
-0.380736,-0.821171
0.774018,0.273366
0.756866,-0.302552
0.600542,0.41803
0.520871,0.702928
0.725044,0.678075
0.765043,0.63797
-0.744505,-0.402226
0.806942,0.533752
0.699149,0.755847
0.825433,-0.422414
-0.803769,-0.182285
0.838583,-0.563358
0.755931,0.250082
-0.380469,0.451039
-0.363623,0.672921
0.899657,-0.243891
0.442674,-0.283038
0.286563,0.537278
0.915355,0.441328
0.157409,-0.684314
-0.622736,-0.560871
0.123577,-0.462778
-0.722525,-0.500395
-0.44071,0.430948
0.25,0.799938
0.492061,-0.780678
0.680313,0.276919
0.29504,0.487126
-0.661837,-0.32135
-0.944343,0.35193
-0.440034,-0.564889
-0.302045,-0.8408
0.300545,0.833832
-0.901008,0.83753
-0.363313,0.279195
0.525831,-0.584669
-0.14068,0.854938
-0.443449,0.329178
0.27642,-0.281349
0.748959,-0.780214
0.611051,-0.402905
-0.563542,0.20256
-0.363119,-0.441092
-0.460828,0.268381
-0.340543,0.656089
0.235919,0.533728
-0.461379,0.647625
0.769791,0.451761
0.490416,0.74385
0.508032,0.309744
-0.344572,0.296045
0.666593,-0.723676
-0.181884,-0.600686
0.722616,0.140811
0.64578,0.783429
0.511079,0.904167
-0.460235,-0.802927
0.348925,0.573318
-0.644844,-0.442751
-0.281689,-0.364697
-0.581573,-0.463198
-0.302862,-0.660992
-0.742346,0.589982
-0.623654,0.348804
-0.38224,-0.780292
0.75867,0.043526
0.472026,0.219797
0.213961,-0.2413
-0.780661,0.63875
-0.380538,0.094348
-0.483552,0.775184
0.604742,-0.701733
-0.524166,0.76793
-0.04345,0.682503
0.740919,-0.422669
-0.284474,-0.3603
0.568852,0.496166
0.884019,0.335317
0.628018,-0.261497
0.07038,-0.383955
-0.384198,-0.640175
0.074409,0.266548
-0.640914,-0.243656
-0.801412,-0.562461
-0.404147,-0.54165
-0.103117,0.320661
-0.361177,0.523682
-0.241371,-0.461966
-0.64213,-0.96246
0.415749,0.756428
-0.10485,-0.604229
0.589489,0.965881
0.479432,-0.823789
0.341085,0.474809
0.289054,-0.743197
-0.563009,-0.26268
0.678226,-0.661302
0.490346,-0.701826
-0.54033,0.70365
0.359056,0.597469
-0.780554,0.859152
-0.76212,0.857196
-0.223372,0.728363
-0.302817,0.252019
0.397397,0.654307
-0.363385,-0.122932
-0.502541,0.219175
-0.723401,-0.6647
-0.661808,0.162575
0.93669,-0.561662
0.606211,-0.721974
0.491944,0.738666
0.657527,0.368454
-0.784118,-0.604201
0.542704,-0.162256
-0.460984,-0.141972
0.867203,0.210027
0.770716,0.572167
-0.303086,-0.504902
0.561468,0.574026
0.37003,0.210152
0.680946,-0.380637
-0.620851,-0.72111
-0.522909,0.588615
-0.262471,0.589725
-0.582659,0.71661
0.458675,0.711791
-0.243482,0.735428
-0.363378,0.395146
-0.222382,-0.042455
-0.660003,0.874213
0.436962,-0.56035
0.626874,0.292083
0.320513,0.564446
0.410863,0.671425
0.85937,-0.483924
-0.441054,-0.243339
0.605337,-0.60103
-0.364624,-0.34097
0.960779,-0.442548
-0.842015,-0.324915
-0.603736,0.821277
-0.843582,0.217948
0.570495,0.326336
-0.963072,0.493676
-0.742383,0.550925
0.333557,0.448326
0.68671,-0.282699
0.498246,-0.641209
0.484859,-0.660474
0.586393,0.67825
0.594058,-0.782101
-0.122732,0.244038
0.190466,-0.80298
0.377202,-0.400068
0.39796,-0.101158
-0.381663,-0.203057
-0.520033,-0.540979
-0.700801,-0.241108
-0.883491,0.20907
0.164595,-0.783309
